Level,School,Region,Regional_Wages,Program,Residents,Wages,Sample Cohort,,
Doctoral,Albany,Capital,"34,233",Agriculture,0,0,0,,
Doctoral,Albany,Capital,"34,233",Art,64.2,"42,428",52,,
Doctoral,Albany,Capital,"34,233",Technical trades,0,0,0,,
Doctoral,Albany,Capital,"34,233",Communications and Media,0,0,0,,
Doctoral,Albany,Capital,"34,233",Law and Public Service,0,0,0,,
Doctoral,Albany,Capital,"34,233",Engineering,27.3,"105,584",26,,
Doctoral,Albany,Capital,"34,233",Social Services,56.2,"70,524",211,,"34,233"
Doctoral,Albany,Capital,"34,233",Hospitality,0,0,0,,"34,233"
Doctoral,Albany,Capital,"34,233",Education,71.7,"64,602",594,,"34,233"
Doctoral,Albany,Capital,"34,233",Computers and Math,56.25,"88,179",93,,"34,233"
Doctoral,Albany,Capital,"34,233",Business and Finance,64.2,"99,818",498,,"34,233"
Doctoral,Albany,Capital,"34,233",Health,52,"76,795",46,,
Comprehensive,Empire State,Capital,"34,233",Agriculture,0,0,0,,
Comprehensive,Empire State,Capital,"34,233",Art,50,"48,755",47,,
Comprehensive,Empire State,Capital,"34,233",Technical trades,0,0,0,,
Comprehensive,Empire State,Capital,"34,233",Communications and Media,0,0,0,,
Comprehensive,Empire State,Capital,"34,233",Law and Public Service,0,0,0,,
Comprehensive,Empire State,Capital,"34,233",Engineering,0,0,0,,
Comprehensive,Empire State,Capital,"34,233",Social Services,60.2,"52,844",302,,
Comprehensive,Empire State,Capital,"34,233",Hospitality,0,0,0,,
Comprehensive,Empire State,Capital,"34,233",Education,59,"50,331",36,,
Comprehensive,Empire State,Capital,"34,233",Computers and Math,0,0,0,,
Comprehensive,Empire State,Capital,"34,233",Business and Finance,69.2,"91,781",1053,,
Comprehensive,Empire State,Capital,"34,233",Health,0,0,0,,
Community,Adirondack ,Capital,"34,233",Agriculture,0,0,0,,
Community,Adirondack ,Capital,"34,233",Art,69.2,"28,954",14,,
Community,Adirondack ,Capital,"34,233",Technical trades,0,0,0,,
Community,Adirondack ,Capital,"34,233",Communications and Media,0,0,0,,
Community,Adirondack ,Capital,"34,233",Law and Public Service,0,0,0,,
Community,Adirondack ,Capital,"34,233",Engineering,0,0,0,,
Community,Adirondack ,Capital,"34,233",Social Services,0,0,0,,
Community,Adirondack ,Capital,"34,233",Hospitality,0,0,0,,
Community,Adirondack ,Capital,"34,233",Education,0,0,0,,
Community,Adirondack ,Capital,"34,233",Computers and Math,71.4,"48,007",12,,
Community,Adirondack ,Capital,"34,233",Business and Finance,67.4,"38,207",52,,
Community,Adirondack ,Capital,"34,233",Health,76.7,"61,253",79,,
Community,Schenectedy County,Capital,"34,233",Agriculture,0,0,0,,
Community,Schenectedy County,Capital,"34,233",Art,0,0,0,,
Community,Schenectedy County,Capital,"34,233",Technical trades,0,0,0,,
Community,Schenectedy County,Capital,"34,233",Communications and Media,0,0,0,,
Community,Schenectedy County,Capital,"34,233",Law and Public Service,70.2,"45,543",32,,
Community,Schenectedy County,Capital,"34,233",Engineering,0,0,0,,
Community,Schenectedy County,Capital,"34,233",Social Services,0,0,0,,
Community,Schenectedy County,Capital,"34,233",Hospitality,0,0,0,,
Community,Schenectedy County,Capital,"34,233",Education,0,0,0,,
Community,Schenectedy County,Capital,"34,233",Computers and Math,69,"64,588",18,,
Community,Schenectedy County,Capital,"34,233",Business and Finance,75.7,"43,211",89,,
Community,Schenectedy County,Capital,"34,233",Health,0,0,0,,
Community,Columbia-Greene,Capital,"34,233",Agriculture,0,0,0,,
Community,Columbia-Greene,Capital,"34,233",Art,0,0,0,,
Community,Columbia-Greene,Capital,"34,233",Technical trades,68.4,"59,819",12,,
Community,Columbia-Greene,Capital,"34,233",Communications and Media,0,0,0,,
Community,Columbia-Greene,Capital,"34,233",Law and Public Service,0,0,0,,
Community,Columbia-Greene,Capital,"34,233",Engineering,0,0,0,,
Community,Columbia-Greene,Capital,"34,233",Social Services,0,0,0,,
Community,Columbia-Greene,Capital,"34,233",Hospitality,0,0,0,,
Community,Columbia-Greene,Capital,"34,233",Education,0,0,0,,
Community,Columbia-Greene,Capital,"34,233",Computers and Math,0,0,0,,
Community,Columbia-Greene,Capital,"34,233",Business and Finance,81.6,"44,827",27,,
Community,Columbia-Greene,Capital,"34,233",Health,63.5,"70,784",48,,
Doctoral,UB,Western New York,"28,395",Agriculture,0,0,0,,
Doctoral,UB,Western New York,"28,395",Art,56.3,56207,286,,
Doctoral,UB,Western New York,"28,395",Technical trades,0,0,0,,
Doctoral,UB,Western New York,"28,395",Communications and Media,65.1,60926,238,,
Doctoral,UB,Western New York,"28,395",Law and Public Service,51.7,94359,221,,
Doctoral,UB,Western New York,"28,395",Engineering,46.7,88001,347,,
Doctoral,UB,Western New York,"28,395",Social Services,69,56496,272,,
Doctoral,UB,Western New York,"28,395",Hospitality,0,0,0,,
Doctoral,UB,Western New York,"28,395",Education,73.2,61475,461,,
Doctoral,UB,Western New York,"28,395",Computers and Math,43.2,85574,118,,
Doctoral,UB,Western New York,"28,395",Business and Finance,64.6,84724,740,,
Doctoral,UB,Western New York,"28,395",Protective Services,0,0,0,,
Doctoral,UB,Western New York,"28,395",Health,52.5,105982,532,,
Comprehensive,Buffalo State,Western New York,"28,395",Agriculture,0,0,0,,
Comprehensive,Buffalo State,Western New York,"28,395",Art,64.5,43695,30,,
Comprehensive,Buffalo State,Western New York,"28,395",Technical trades,79.2,77195,19,,
Comprehensive,Buffalo State,Western New York,"28,395",Communications and Media,67.9,47476,48,,
Comprehensive,Buffalo State,Western New York,"28,395",Law and Public Service,0,0,0,,
Comprehensive,Buffalo State,Western New York,"28,395",Engineering,0,0,0,,
Comprehensive,Buffalo State,Western New York,"28,395",Social Services,70,40630,16,,
Comprehensive,Buffalo State,Western New York,"28,395",Hospitality,0,0,0,,
Comprehensive,Buffalo State,Western New York,"28,395",Education,69.1,54376,174,,
Comprehensive,Buffalo State,Western New York,"28,395",Computers and Math,63.3,70151,28,,
Comprehensive,Buffalo State,Western New York,"28,395",Business and Finance,69.9,48212,65,,
Comprehensive,Buffalo State,Western New York,"28,395",Protective Services,71.1,60900,54,,
Comprehensive,Buffalo State,Western New York,"28,395",Health,70.8,50195,13,,
Community,Niagara County,Western New York,"28,395",Agriculture,60.7,36100,14,,
Community,Niagara County,Western New York,"28,395",Art,64.7,26545,15,,
Community,Niagara County,Western New York,"28,395",Technical trades,76,58825,16,,
Community,Niagara County,Western New York,"28,395",Communications and Media ,64,42676,13,,
Community,Niagara County,Western New York,"28,395",Law and Public Service,0,0,0,,
Community,Niagara County,Western New York,"28,395",Engineering,0,0,0,,
Community,Niagara County,Western New York,"28,395",Social Services,77.1,27033,21,,
Community,Niagara County,Western New York,"28,395",Hospitality,0,0,0,,
Community,Niagara County,Western New York,"28,395",Education,0,0,0,,
Community,Niagara County,Western New York,"28,395",Computers and Math,71,54552,18,,
Community,Niagara County,Western New York,"28,395",Business and Finance,76,41841,82,,
Community,Niagara County,Western New York,"28,395",Protective Services,64.8,40047,41,,
Community,Niagara County,Western New York,"28,395",Health,75.3,57570,185,,
Community,Erie County,Western New York,"28,395",Agriculture,76.7,53771,0,,
Community,Erie County,Western New York,"28,395",Art,0,0,0,,
Community,Erie County,Western New York,"28,395",Technical trades,80.8,54823,52,,
Community,Erie County,Western New York,"28,395",Communications and Media,78.4,33096,22,,
Community,Erie County,Western New York,"28,395",Law and Public Service,80.9,46041,34,,
Community,Erie County,Western New York,"28,395",Engineering,0,0,0,,
Community,Erie County,Western New York,"28,395",Social Services,0,0,0,,
Community,Erie County,Western New York,"28,395",Hospitality,0,0,0,,
Community,Erie County,Western New York,"28,395",Education,0,0,0,,
Community,Erie County,Western New York,"28,395",Computers and Math,82.9,52956,23,,
Community,Erie County,Western New York,"28,395",Protective Services,75,49731,98,,
Community,Erie County,Western New York,"28,395",Business and Finance,72.6,42231,189,,
Community,Erie County,Western New York,"28,395",Health,76.7,53771,311,,
Comprehensive,SUNY Fredonia,Western New York,"28,395",Agriculture,0,0,0,,
Comprehensive,SUNY Fredonia,Western New York,"28,395",Art,57.7,45705,59,,
Comprehensive,SUNY Fredonia,Western New York,"28,395",Technical trades,0,0,0,,
Comprehensive,SUNY Fredonia,Western New York,"28,395",Communications and Media,67.1,53495,89,,
Comprehensive,SUNY Fredonia,Western New York,"28,395",Law and Public Service,0,0,0,,
Comprehensive,SUNY Fredonia,Western New York,"28,395",Engineering,0,0,0,,
Comprehensive,SUNY Fredonia,Western New York,"28,395",Social Services,0,0,0,,
Comprehensive,SUNY Fredonia,Western New York,"28,395",Hospitality,0,0,0,,
Comprehensive,SUNY Fredonia,Western New York,"28,395",Education,69.9,56306,235,,
Comprehensive,SUNY Fredonia,Western New York,"28,395",Computers and Math,69.6,80649,16,,
Comprehensive,SUNY Fredonia,Western New York,"28,395",Protective Services,0,0,0,,
Comprehensive,SUNY Fredonia,Western New York,"28,395",Business and Finance,61.6,57237,111,,
Comprehensive,SUNY Fredonia,Western New York,"28,395",Health,75.9,55988,37,,
Community,Jamestown ,Western New York,"28,395",Agriculture,0,0,0,,
Community,Jamestown ,Western New York,"28,395",Art,0,0,0,,
Community,Jamestown ,Western New York,"28,395",Technical trades,0,0,0,,
Community,Jamestown ,Western New York,"28,395",Communications and Media,0,0,0,,
Community,Jamestown ,Western New York,"28,395",Law and Public Service,0,0,0,,
Community,Jamestown ,Western New York,"28,395",Engineering,0,0,0,,
Community,Jamestown ,Western New York,"28,395",Social Services,63.9,32043,19,,
Community,Jamestown ,Western New York,"28,395",Hospitality,0,0,0,,
Community,Jamestown ,Western New York,"28,395",Education,0,0,0,,
Community,Jamestown ,Western New York,"28,395",Computers and Math,65,39616,23,,
Community,Jamestown ,Western New York,"28,395",Protective Services,68.1,46030,40,,
Community,Jamestown ,Western New York,"28,395",Business and Finance,68,41948,53,,
Community,Jamestown ,Western New York,"28,395",Health,57.8,55523,93,,
Community,Alfred State,Western New York,"28,395",Agriculture,67.9,45207,17,,
Community,Alfred State,Western New York,"28,395",Art,0,0,0,,
Community,Alfred State,Western New York,"28,395",Technical trades,73.7,55152,314,,
Community,Alfred State,Western New York,"28,395",Communications and Media ,0,0,0,,
Community,Alfred State,Western New York,"28,395",Law and Public Service,0,0,0,,
Community,Alfred State,Western New York,"28,395",Engineering,0,0,0,,
Community,Alfred State,Western New York,"28,395",Social Services,85.7,34766,12,,
Community,Alfred State,Western New York,"28,395",Hospitality,0,0,0,,
Community,Alfred State,Western New York,"28,395",Education,0,0,0,,
Community,Alfred State,Western New York,"28,395",Computers and Math,71.8,73459,57,,
Community,Alfred State,Western New York,"28,395",Protective Services,0,0,0,,
Community,Alfred State,Western New York,"28,395",Business and Finance,71.4,59786,51,,
Community,Alfred State,Western New York,"28,395",Health,65,41950,88,,
Comprehensive,SUNY Oswego,Central New York,"31,323",Agriculture,0,0,0,,
Comprehensive,SUNY Oswego,Central New York,"31,323",Art,61.4,39449,73,,
Comprehensive,SUNY Oswego,Central New York,"31,323",Technical trades,0,0,0,,
Comprehensive,SUNY Oswego,Central New York,"31,323",Communications and Media,62.3,53067,137,,
Comprehensive,SUNY Oswego,Central New York,"31,323",Law and Public Service,0,0,0,,
Comprehensive,SUNY Oswego,Central New York,"31,323",Engineering,0,0,0,,
Comprehensive,SUNY Oswego,Central New York,"31,323",Social Services,68.8,50246,20,,
Comprehensive,SUNY Oswego,Central New York,"31,323",Hospitality,53.3,49589,12,,
Comprehensive,SUNY Oswego,Central New York,"31,323",Education,77.3,61297,560,,
Comprehensive,SUNY Oswego,Central New York,"31,323",Computers and Math,56.7,80758,36,,
Comprehensive,SUNY Oswego,Central New York,"31,323",Business and Finance,65.7,67630,290,,
Comprehensive,SUNY Oswego,Central New York,"31,323",Protective Services,72.3,58497,94,,
Comprehensive,SUNY Oswego,Central New York,"31,323",Health,0,0,0,,
Comprehensive,Onondaga ,Central New York,"31,323",Agriculture,0,0,0,,
Comprehensive,Onondaga ,Central New York,"31,323",Art,66.1,39368,30,,
Comprehensive,Onondaga ,Central New York,"31,323",Technical trades,72.5,52594,61,,
Comprehensive,Onondaga ,Central New York,"31,323",Communications and Media ,80,33033,20,,
Comprehensive,Onondaga ,Central New York,"31,323",Law and Public Service,0,0,0,,
Comprehensive,Onondaga ,Central New York,"31,323",Engineering,0,0,0,,
Comprehensive,Onondaga ,Central New York,"31,323",Social Services,71,35928,35,,
Comprehensive,Onondaga ,Central New York,"31,323",Hospitality,0,0,0,,
Comprehensive,Onondaga ,Central New York,"31,323",Education,0,0,0,,
Comprehensive,Onondaga ,Central New York,"31,323",Computers and Math,75,47150,21,,
Comprehensive,Onondaga ,Central New York,"31,323",Business and Finance,66.7,48103,47,,
Comprehensive,Onondaga ,Central New York,"31,323",Protective Services,73.2,66569,80,,
Comprehensive,Onondaga ,Central New York,"31,323",Health,70.3,55305,96,,
Community,Cayuga County,Central New York,"31,323",Agriculture,0,0,0,,
Community,Cayuga County,Central New York,"31,323",Art,0,0,0,,
Community,Cayuga County,Central New York,"31,323",Technical trades,77.3,41864,12,,
Community,Cayuga County,Central New York,"31,323",Communications and Media ,0,0,0,,
Community,Cayuga County,Central New York,"31,323",Law and Public Service,0,0,0,,
Community,Cayuga County,Central New York,"31,323",Engineering,0,0,0,,
Community,Cayuga County,Central New York,"31,323",Social Services,0,0,0,,
Community,Cayuga County,Central New York,"31,323",Hospitality,0,0,0,,
Community,Cayuga County,Central New York,"31,323",Education,0,0,0,,
Community,Cayuga County,Central New York,"31,323",Computers and Math,66.7,48409,12,,
Community,Cayuga County,Central New York,"31,323",Business and Finance,72.4,37453,58,,
Community,Cayuga County,Central New York,"31,323",Protective Services,76,46891,63,,
Community,Cayuga County,Central New York,"31,323",Health,84.1,68241,45,,
Doctoral,Upstate Medical,Central New York,"31,323",Agriculture,0,0,0,,
Doctoral,Upstate Medical,Central New York,"31,323",Art,0,0,0,,
Doctoral,Upstate Medical,Central New York,"31,323",Technical trades,0,0,0,,
Doctoral,Upstate Medical,Central New York,"31,323",Communications and Media,0,0,0,,
Doctoral,Upstate Medical,Central New York,"31,323",Law and Public Service,0,0,0,,
Doctoral,Upstate Medical,Central New York,"31,323",Engineering,0,0,0,,
Doctoral,Upstate Medical,Central New York,"31,323",Social Services,0,0,0,,
Doctoral,Upstate Medical,Central New York,"31,323",Hospitality,0,0,0,,
Doctoral,Upstate Medical,Central New York,"31,323",Education,0,0,0,,
Doctoral,Upstate Medical,Central New York,"31,323",Computers and Math,0,0,0,,
Doctoral,Upstate Medical,Central New York,"31,323",Business and Finance,0,0,0,,
Doctoral,Upstate Medical,Central New York,"31,323",Protective Services,0,0,0,,
Doctoral,Upstate Medical,Central New York,"31,323",Health,53.4,107611,251,,
Doctoral,Environmental Science and Forestry,Central New York,"31,323",Agriculture,0,0,0,,
Doctoral,Environmental Science and Forestry,Central New York,"31,323",Art,50,63390,39,,
Doctoral,Environmental Science and Forestry,Central New York,"31,323",Technical trades,0,0,0,,
Doctoral,Environmental Science and Forestry,Central New York,"31,323",Communications and Media,0,0,0,,
Doctoral,Environmental Science and Forestry,Central New York,"31,323",Law and Public Service,0,0,0,,
Doctoral,Environmental Science and Forestry,Central New York,"31,323",Engineering,0,0,0,,
Doctoral,Environmental Science and Forestry,Central New York,"31,323",Social Services,0,0,0,,
Doctoral,Environmental Science and Forestry,Central New York,"31,323",Hospitality,0,0,0,,
Doctoral,Environmental Science and Forestry,Central New York,"31,323",Education,0,0,0,,
Doctoral,Environmental Science and Forestry,Central New York,"31,323",Computers and Math,0,0,0,,
Doctoral,Environmental Science and Forestry,Central New York,"31,323",Business and Finance,60.6,89372,17,,
Doctoral,Environmental Science and Forestry,Central New York,"31,323",Protective Services,0,0,0,,
Doctoral,Environmental Science and Forestry,Central New York,"31,323",Health,0,0,0,,
Community,Cortland,Central New York,"31,323",Agriculture,0,0,0,,
Community,Cortland,Central New York,"31,323",Art,63.2,44918,19,,
Community,Cortland,Central New York,"31,323",Technical trades,0,0,0,,
Community,Cortland,Central New York,"31,323",Communications and Media,64.8,59815,73,,
Community,Cortland,Central New York,"31,323",Law and Public Service,0,0,0,,
Community,Cortland,Central New York,"31,323",Engineering,0,0,0,,
Community,Cortland,Central New York,"31,323",Social Services,0,0,0,,
Community,Cortland,Central New York,"31,323",Hospitality,59.4,58121,140,,
Community,Cortland,Central New York,"31,323",Education,78,61140,861,,
Community,Cortland,Central New York,"31,323",Computers and Math,0,0,0,,
Community,Cortland,Central New York,"31,323",Business and Finance,75.5,60762,70,,
Community,Cortland,Central New York,"31,323",Protective Services,0,0,0,,
Community,Cortland,Central New York,"31,323",Health,53.3,55073,20,,
Community,Morrisville,Central New York,"31,323",Agriculture,52.2,38526,76,,
Community,Morrisville,Central New York,"31,323",Art,0,0,0,,
Community,Morrisville,Central New York,"31,323",Technical trades,73.55,52552,103,,
Community,Morrisville,Central New York,"31,323",Communications and Media,0,0,0,,
Community,Morrisville,Central New York,"31,323",Law and Public Service,0,0,0,,
Community,Morrisville,Central New York,"31,323",Engineering,0,0,0,,
Community,Morrisville,Central New York,"31,323",Social Services,0,0,0,,
Community,Morrisville,Central New York,"31,323",Hospitality,0,0,0,,
Community,Morrisville,Central New York,"31,323",Education,0,0,0,,
Community,Morrisville,Central New York,"31,323",Computers and Math,55.4,73023,30,,
Community,Morrisville,Central New York,"31,323",Business and Finance,66.3,37497,60,,
Community,Morrisville,Central New York,"31,323",Protective Services,0,0,0,,
Community,Morrisville,Central New York,"31,323",Health,73.8,63232,42,,
Comprehensive,Brockport,Finger Lakes,"31,621",Agriculture,0,0,0,,
Comprehensive,Brockport,Finger Lakes,"31,621",Art,58.5,36155,43,,
Comprehensive,Brockport,Finger Lakes,"31,621",Technical trades,0,0,0,,
Comprehensive,Brockport,Finger Lakes,"31,621",Communications and Media,64.6,48810,113,,
Comprehensive,Brockport,Finger Lakes,"31,621",Law and Public Service,0,0,0,,
Comprehensive,Brockport,Finger Lakes,"31,621",Engineering,0,0,0,,
Comprehensive,Brockport,Finger Lakes,"31,621",Social Services,68.5,56919,105,,
Comprehensive,Brockport,Finger Lakes,"31,621",Hospitality,49.2,48286,24,,
Comprehensive,Brockport,Finger Lakes,"31,621",Education,80.5,62819,588,,
Comprehensive,Brockport,Finger Lakes,"31,621",Computers and Math,63.5,81271,31,,
Comprehensive,Brockport,Finger Lakes,"31,621",Business and Finance,67.7,59903,205,,
Comprehensive,Brockport,Finger Lakes,"31,621",Protective Services,65.1,53094,98,,
Comprehensive,Brockport,Finger Lakes,"31,621",Health,69.8,50691,115,,
Comprehensive,Geneseo,Finger Lakes,"31,621",Agriculture,0,0,0,,
Comprehensive,Geneseo,Finger Lakes,"31,621",Art,54.2,43741,21,,
Comprehensive,Geneseo,Finger Lakes,"31,621",Technical trades,0,0,0,,
Comprehensive,Geneseo,Finger Lakes,"31,621",Communications and Media,55.1,56829,46,,
Comprehensive,Geneseo,Finger Lakes,"31,621",Law and Public Service,0,0,0,,
Comprehensive,Geneseo,Finger Lakes,"31,621",Engineering,0,0,0,,
Comprehensive,Geneseo,Finger Lakes,"31,621",Social Services,0,0,0,,
Comprehensive,Geneseo,Finger Lakes,"31,621",Hospitality,0,0,0,,
Comprehensive,Geneseo,Finger Lakes,"31,621",Education,65.7,54659,133,,
Comprehensive,Geneseo,Finger Lakes,"31,621",Computers and Math,74.55,85242,32,,
Comprehensive,Geneseo,Finger Lakes,"31,621",Business and Finance,59.1,76328,142,,
Comprehensive,Geneseo,Finger Lakes,"31,621",Protective Services,0,0,0,,
Comprehensive,Geneseo,Finger Lakes,"31,621",Health,70,54284,41,,
Community,Genesee Community,Finger Lakes,"31,621",Agriculture,0,0,0,,
Community,Genesee Community,Finger Lakes,"31,621",Art,70,34229,11,,
Community,Genesee Community,Finger Lakes,"31,621",Technical trades,82.4,43955,13,,
Community,Genesee Community,Finger Lakes,"31,621",Communications and Media,0,0,0,,
Community,Genesee Community,Finger Lakes,"31,621",Law and Public Service,0,0,0,,
Community,Genesee Community,Finger Lakes,"31,621",Engineering,0,0,0,,
Community,Genesee Community,Finger Lakes,"31,621",Social Services,60.9,30195,20,,
Community,Genesee Community,Finger Lakes,"31,621",Hospitality,0,0,0,,
Community,Genesee Community,Finger Lakes,"31,621",Education,0,0,0,,
Community,Genesee Community,Finger Lakes,"31,621",Computers and Math,0,0,0,,
Community,Genesee Community,Finger Lakes,"31,621",Business and Finance,71.6,37869,82,,
Community,Genesee Community,Finger Lakes,"31,621",Protective Services,76,42670,43,,
Community,Genesee Community,Finger Lakes,"31,621",Health,79.8,51513,143,,
Community,Monroe Community,Finger Lakes,"31,621",Agriculture,75.8,58662,280,,
Community,Monroe Community,Finger Lakes,"31,621",Art,64.8,36556,52,,
Community,Monroe Community,Finger Lakes,"31,621",Technical trades,63.9,43053,14,,
Community,Monroe Community,Finger Lakes,"31,621",Communications and Media,72.3,38712,29,,
Community,Monroe Community,Finger Lakes,"31,621",Law and Public Service,65.9,47443,25,,
Community,Monroe Community,Finger Lakes,"31,621",Engineering,0,0,0,,
Community,Monroe Community,Finger Lakes,"31,621",Social Services,77.6,36035,27,,
Community,Monroe Community,Finger Lakes,"31,621",Hospitality,0,0,0,,
Community,Monroe Community,Finger Lakes,"31,621",Education,0,0,0,,
Community,Monroe Community,Finger Lakes,"31,621",Computers and Math,74.1,71954,19,,
Community,Monroe Community,Finger Lakes,"31,621",Business and Finance,67.3,42938,223,,
Community,Monroe Community,Finger Lakes,"31,621",Protective Services,81.8,53992,80,,
Community,Monroe Community,Finger Lakes,"31,621",Health,75.8,58662,280,,
Community,Finger Lakes Community,Finger Lakes,"31,621",Agriculture,60,43128,13,,
Community,Finger Lakes Community,Finger Lakes,"31,621",Art,56.1,28741,18,,
Community,Finger Lakes Community,Finger Lakes,"31,621",Technical trades,59.3,37524,11,,
Community,Finger Lakes Community,Finger Lakes,"31,621",Communications and Media,66.7,28790,11,,
Community,Finger Lakes Community,Finger Lakes,"31,621",Law and Public Service,83.3,48070,16,,
Community,Finger Lakes Community,Finger Lakes,"31,621",Engineering,0,0,0,,
Community,Finger Lakes Community,Finger Lakes,"31,621",Social Services,0,0,0,,
Community,Finger Lakes Community,Finger Lakes,"31,621",Hospitality,0,0,0,,
Community,Finger Lakes Community,Finger Lakes,"31,621",Education,0,0,0,,
Community,Finger Lakes Community,Finger Lakes,"31,621",Computers and Math,72,49666,16,,
Community,Finger Lakes Community,Finger Lakes,"31,621",Business and Finance,77.3,38790,76,,
Community,Finger Lakes Community,Finger Lakes,"31,621",Protective Services,73.3,40470,28,,
Community,Finger Lakes Community,Finger Lakes,"31,621",Health,73.2,57631,87,,
Community,Sullivan County,Hudson Valley,"36,329",Agriculture,0,0,0,,
Community,Sullivan County,Hudson Valley,"36,329",Art,0,0,0,,
Community,Sullivan County,Hudson Valley,"36,329",Technical trades,0,0,0,,
Community,Sullivan County,Hudson Valley,"36,329",Communications and Media,0,0,0,,
Community,Sullivan County,Hudson Valley,"36,329",Law and Public Service,0,0,0,,
Community,Sullivan County,Hudson Valley,"36,329",Engineering,0,0,0,,
Community,Sullivan County,Hudson Valley,"36,329",Social Services,0,0,0,,
Community,Sullivan County,Hudson Valley,"36,329",Hospitality,0,0,0,,
Community,Sullivan County,Hudson Valley,"36,329",Education,0,0,0,,
Community,Sullivan County,Hudson Valley,"36,329",Computers and Math,0,0,0,,
Community,Sullivan County,Hudson Valley,"36,329",Business and Finance,74,44803,29,,
Community,Sullivan County,Hudson Valley,"36,329",Protective Services,0,0,0,,
Community,Sullivan County,Hudson Valley,"36,329",Health,65.6,61480,34,,
Community,Orange County,Hudson Valley,"36,329",Agriculture,0,0,0,,
Community,Orange County,Hudson Valley,"36,329",Art,0,0,0,,
Community,Orange County,Hudson Valley,"36,329",Technical trades,75,75816,12,,
Community,Orange County,Hudson Valley,"36,329",Communications and Media,0,0,0,,
Community,Orange County,Hudson Valley,"36,329",Law and Public Service,0,0,0,,
Community,Orange County,Hudson Valley,"36,329",Engineering,0,0,0,,
Community,Orange County,Hudson Valley,"36,329",Social Services,0,0,0,,
Community,Orange County,Hudson Valley,"36,329",Hospitality,0,0,0,,
Community,Orange County,Hudson Valley,"36,329",Education,0,0,0,,
Community,Orange County,Hudson Valley,"36,329",Computers and Math,0,0,0,,
Community,Orange County,Hudson Valley,"36,329",Business and Finance,69.2,49372,64,,
Community,Orange County,Hudson Valley,"36,329",Protective Services,70.8,79163,43,,
Community,Orange County,Hudson Valley,"36,329",Health,74.3,65490,177,,
Community,Ulster County,Hudson Valley,"36,329",Agriculture,0,0,0,,
Community,Ulster County,Hudson Valley,"36,329",Art,0,0,0,,
Community,Ulster County,Hudson Valley,"36,329",Technical trades,0,0,0,,
Community,Ulster County,Hudson Valley,"36,329",Communications and Media,0,0,0,,
Community,Ulster County,Hudson Valley,"36,329",Law and Public Service,0,0,0,,
Community,Ulster County,Hudson Valley,"36,329",Engineering,0,0,0,,
Community,Ulster County,Hudson Valley,"36,329",Social Services,0,0,0,,
Community,Ulster County,Hudson Valley,"36,329",Hospitality,0,0,0,,
Community,Ulster County,Hudson Valley,"36,329",Education,0,0,0,,
Community,Ulster County,Hudson Valley,"36,329",Computers and Math,54.2,50066,11,,
Community,Ulster County,Hudson Valley,"36,329",Business and Finance,60.5,44684,22,,
Community,Ulster County,Hudson Valley,"36,329",Protective Services,78.7,74262,37,,
Community,Ulster County,Hudson Valley,"36,329",Health,72.7,73106,75,,
Comprehensive,SUNY New Paltz,Hudson Valley,"36,329",Agriculture,0,0,0,,
Comprehensive,SUNY New Paltz,Hudson Valley,"36,329",Art,54.9,55361,130,,
Comprehensive,SUNY New Paltz,Hudson Valley,"36,329",Technical trades,0,0,0,,
Comprehensive,SUNY New Paltz,Hudson Valley,"36,329",Communications and Media,70.4,59205,167,,
Comprehensive,SUNY New Paltz,Hudson Valley,"36,329",Law and Public Service,0,0,0,,
Comprehensive,SUNY New Paltz,Hudson Valley,"36,329",Engineering,33.7,94841,26,,
Comprehensive,SUNY New Paltz,Hudson Valley,"36,329",Social Services,0,0,0,,
Comprehensive,SUNY New Paltz,Hudson Valley,"36,329",Hospitality,0,0,0,,
Comprehensive,SUNY New Paltz,Hudson Valley,"36,329",Education,80.2,83491,560,,
Comprehensive,SUNY New Paltz,Hudson Valley,"36,329",Computers and Math,43.5,84013,16,,
Comprehensive,SUNY New Paltz,Hudson Valley,"36,329",Business and Finance,62.8,71181,207,,
Comprehensive,SUNY New Paltz,Hudson Valley,"36,329",Protective Services,0,0,0,,
Comprehensive,SUNY New Paltz,Hudson Valley,"36,329",Health,69.4,77092,55,,
Community,Rockland County,Hudson Valley,"36,329",Agriculture,0,0,0,,
Community,Rockland County,Hudson Valley,"36,329",Art,0,0,0,,
Community,Rockland County,Hudson Valley,"36,329",Technical trades,0,0,0,,
Community,Rockland County,Hudson Valley,"36,329",Communications and Media,0,0,0,,
Community,Rockland County,Hudson Valley,"36,329",Law and Public Service,0,0,0,,
Community,Rockland County,Hudson Valley,"36,329",Engineering,0,0,0,,
Community,Rockland County,Hudson Valley,"36,329",Social Services,0,0,0,,
Community,Rockland County,Hudson Valley,"36,329",Hospitality,0,0,0,,
Community,Rockland County,Hudson Valley,"36,329",Education,0,0,0,,
Community,Rockland County,Hudson Valley,"36,329",Computers and Math,55.9,73198,16,,
Community,Rockland County,Hudson Valley,"36,329",Business and Finance,54.2,57617,33,,
Community,Rockland County,Hudson Valley,"36,329",Protective Services,76.1,87952,30,,
Community,Rockland County,Hudson Valley,"36,329",Health,66.2,83538,77,,
Community,Dutchess County,Hudson Valley,"36,329",Agriculture,0,0,0,,
Community,Dutchess County,Hudson Valley,"36,329",Art,0,0,0,,
Community,Dutchess County,Hudson Valley,"36,329",Technical trades,77.8,82643,48,,
Community,Dutchess County,Hudson Valley,"36,329",Communications and Media,78.6,50678,18,,
Community,Dutchess County,Hudson Valley,"36,329",Law and Public Service,66.7,41612,20,,
Community,Dutchess County,Hudson Valley,"36,329",Engineering,0,0,0,,
Community,Dutchess County,Hudson Valley,"36,329",Social Services,0,0,0,,
Community,Dutchess County,Hudson Valley,"36,329",Hospitality,0,0,0,,
Community,Dutchess County,Hudson Valley,"36,329",Education,0,0,0,,
Community,Dutchess County,Hudson Valley,"36,329",Computers and Math,0,0,0,,
Community,Dutchess County,Hudson Valley,"36,329",Business and Finance,72.3,50119,105,,
Community,Dutchess County,Hudson Valley,"36,329",Protective Services,49.2,73107,50,,
Community,Dutchess County,Hudson Valley,"36,329",Health,69.2,71705,107,,
Community,Westchester County,Hudson Valley,"36,329",Agriculture,0,0,0,,
Community,Westchester County,Hudson Valley,"36,329",Art,46.7,51679,17,,
Community,Westchester County,Hudson Valley,"36,329",Technical trades,73,72969,20,,
Community,Westchester County,Hudson Valley,"36,329",Communications and Media,74.1,47910,15,,
Community,Westchester County,Hudson Valley,"36,329",Law and Public Service,51.9,58458,21,,
Community,Westchester County,Hudson Valley,"36,329",Engineering,0,0,0,,
Community,Westchester County,Hudson Valley,"36,329",Social Services,66.7,35602,15,,
Community,Westchester County,Hudson Valley,"36,329",Hospitality,0,0,0,,
Community,Westchester County,Hudson Valley,"36,329",Education,0,0,0,,
Community,Westchester County,Hudson Valley,"36,329",Computers and Math,58.7,51867,33,,
Community,Westchester County,Hudson Valley,"36,329",Business and Finance,62.4,59000,91,,
Community,Westchester County,Hudson Valley,"36,329",Protective Services,82.1,111960,30,,
Community,Westchester County,Hudson Valley,"36,329",Health,75.6,71719,150,,
Comprehensive,SUNY Purchase,Hudson Valley,"36,329",Agriculture,0,0,0,,
Comprehensive,SUNY Purchase,Hudson Valley,"36,329",Art,46.7,51679,17,,
Comprehensive,SUNY Purchase,Hudson Valley,"36,329",Technical trades,73,72969,20,,
Comprehensive,SUNY Purchase,Hudson Valley,"36,329",Communications and Media,74.1,47910,15,,
Comprehensive,SUNY Purchase,Hudson Valley,"36,329",Law and Public Service,51.9,58458,21,,
Comprehensive,SUNY Purchase,Hudson Valley,"36,329",Engineering,0,0,0,,
Comprehensive,SUNY Purchase,Hudson Valley,"36,329",Social Services,66.7,35602,15,,
Comprehensive,SUNY Purchase,Hudson Valley,"36,329",Hospitality,0,0,0,,
Comprehensive,SUNY Purchase,Hudson Valley,"36,329",Education,0,0,0,,
Comprehensive,SUNY Purchase,Hudson Valley,"36,329",Computers and Math,58.7,51867,33,,
Comprehensive,SUNY Purchase,Hudson Valley,"36,329",Business and Finance,62.4,59000,91,,
Comprehensive,SUNY Purchase,Hudson Valley,"36,329",Protective Services,82.1,111960,30,,
Comprehensive,SUNY Purchase,Hudson Valley,"36,329",Health,75.6,71719,150,,
Comprehensive,Old Westbury,Long Island,"43,155",Agriculture,0,0,0,,
Comprehensive,Old Westbury,Long Island,"43,155",Art,0,0,0,,
Comprehensive,Old Westbury,Long Island,"43,155",Technical trades,0,0,0,,
Comprehensive,Old Westbury,Long Island,"43,155",Communications and Media,66.7,55067,41,,
Comprehensive,Old Westbury,Long Island,"43,155",Law and Public Service,0,0,0,,
Comprehensive,Old Westbury,Long Island,"43,155",Engineering,0,0,0,,
Comprehensive,Old Westbury,Long Island,"43,155",Social Services,0,0,0,,
Comprehensive,Old Westbury,Long Island,"43,155",Hospitality,0,0,0,,
Comprehensive,Old Westbury,Long Island,"43,155",Education,56.8,47219,37,,
Comprehensive,Old Westbury,Long Island,"43,155",Computers and Math,0,0,0,,
Comprehensive,Old Westbury,Long Island,"43,155",Business and Finance,69.3,73650,253,,
Comprehensive,Old Westbury,Long Island,"43,155",Protective Services,0,0,0,,
Comprehensive,Old Westbury,Long Island,"43,155",Health,0,0,0,,
Community,Nassau,Long Island,"43,155",Agriculture,0,0,0,,
Community,Nassau,Long Island,"43,155",Art,54.2,51143,60,,
Community,Nassau,Long Island,"43,155",Technical trades,87.1,103817,25,,
Community,Nassau,Long Island,"43,155",Communications and Media,60,68438,13,,
Community,Nassau,Long Island,"43,155",Law and Public Service,71.4,55896,70,,
Community,Nassau,Long Island,"43,155",Engineering,0,0,0,,
Community,Nassau,Long Island,"43,155",Social Services,0,0,0,,
Community,Nassau,Long Island,"43,155",Hospitality,0,0,0,,
Community,Nassau,Long Island,"43,155",Education,0,0,0,,
Community,Nassau,Long Island,"43,155",Computers and Math,60,68438,13,,
Community,Nassau,Long Island,"43,155",Business and Finance,68.1,56436,215,,
Community,Nassau,Long Island,"43,155",Protective Services,81.7,81185,92,,
Community,Nassau,Long Island,"43,155",Health,83.1,74187,220,,
Technical,Farmingdale Tech,Long Island,"43,155",Agriculture,48.9,86826,15,,
Technical,Farmingdale Tech,Long Island,"43,155",Art,67.1,56244,46,,
Technical,Farmingdale Tech,Long Island,"43,155",Technical trades,74.6,89420,137,,
Technical,Farmingdale Tech,Long Island,"43,155",Communications and Media,72,90432,12,,
Technical,Farmingdale Tech,Long Island,"43,155",Law and Public Service,0,0,0,,
Technical,Farmingdale Tech,Long Island,"43,155",Engineering,0,0,0,,
Technical,Farmingdale Tech,Long Island,"43,155",Social Services,0,0,0,,
Technical,Farmingdale Tech,Long Island,"43,155",Hospitality,0,0,0,,
Technical,Farmingdale Tech,Long Island,"43,155",Education,0,0,0,,
Technical,Farmingdale Tech,Long Island,"43,155",Computers and Math,77.2,78399,91,,
Technical,Farmingdale Tech,Long Island,"43,155",Business and Finance,73.7,63843,209,,
Technical,Farmingdale Tech,Long Island,"43,155",Protective Services,81.3,79320,53,,
Technical,Farmingdale Tech,Long Island,"43,155",Health,78.9,71483,178,,
Doctoral,Stony Brook,Long Island,"43,155",Agriculture,0,0,0,,
Doctoral,Stony Brook,Long Island,"43,155",Art,47.1,54297,68,,
Doctoral,Stony Brook,Long Island,"43,155",Technical trades,0,0,0,,
Doctoral,Stony Brook,Long Island,"43,155",Communications and Media,0,0,0,,
Doctoral,Stony Brook,Long Island,"43,155",Law and Public Service,0,0,0,,
Doctoral,Stony Brook,Long Island,"43,155",Engineering,48.3,107876,166,,
Doctoral,Stony Brook,Long Island,"43,155",Social Services,68.8,68578,220,,
Doctoral,Stony Brook,Long Island,"43,155",Hospitality,0,0,0,,
Doctoral,Stony Brook,Long Island,"43,155",Education,87.5,114866,405,,
Doctoral,Stony Brook,Long Island,"43,155",Computers and Math,42.75,106545,378,,
Doctoral,Stony Brook,Long Island,"43,155",Business and Finance,61.1,87321,229,,
Doctoral,Stony Brook,Long Island,"43,155",Protective Services,0,0,0,,
Doctoral,Stony Brook,Long Island,"43,155",Health,60,99976,753,,
Community,Suffolk County,Long Island,"43,155",Agriculture,0,0,0,,
Community,Suffolk County,Long Island,"43,155",Art,66.2,46551,43,,
Community,Suffolk County,Long Island,"43,155",Technical trades,83.9,70384,25,,
Community,Suffolk County,Long Island,"43,155",Communications and Media,65.3,51072,38,,
Community,Suffolk County,Long Island,"43,155",Law and Public Service,57.3,50397,42,,
Community,Suffolk County,Long Island,"43,155",Engineering,0,0,0,,
Community,Suffolk County,Long Island,"43,155",Social Services,0,0,0,,
Community,Suffolk County,Long Island,"43,155",Hospitality,0,0,0,,
Community,Suffolk County,Long Island,"43,155",Education,67.8,26241,27,,
Community,Suffolk County,Long Island,"43,155",Computers and Math,65.3,51072,38,,
Community,Suffolk County,Long Island,"43,155",Business and Finance,67.1,56230,162,,
Community,Suffolk County,Long Island,"43,155",Protective Services,76.8,85424,124,,
Community,Suffolk County,Long Island,"43,155",Health,77.5,80670,338,,
Technical,SUNY IT,Mohawk Valley,"29,808",Agriculture,0,0,0,,
Technical,SUNY IT,Mohawk Valley,"29,808",Art,0,0,0,,
Technical,SUNY IT,Mohawk Valley,"29,808",Technical trades,78.4,79303,115,,
Technical,SUNY IT,Mohawk Valley,"29,808",Communications and Media,62.5,69868,14,,
Technical,SUNY IT,Mohawk Valley,"29,808",Law and Public Service,0,0,0,,
Technical,SUNY IT,Mohawk Valley,"29,808",Engineering,0,0,0,,
Technical,SUNY IT,Mohawk Valley,"29,808",Social Services,0,0,0,,
Technical,SUNY IT,Mohawk Valley,"29,808",Hospitality,0,0,0,,
Technical,SUNY IT,Mohawk Valley,"29,808",Education,0,0,0,,
Technical,SUNY IT,Mohawk Valley,"29,808",Computers and Math,49.4,78927,74,,
Technical,SUNY IT,Mohawk Valley,"29,808",Business and Finance,62.2,72744,136,,
Technical,SUNY IT,Mohawk Valley,"29,808",Protective Services,0,0,0,,
Technical,SUNY IT,Mohawk Valley,"29,808",Health,78.8,78070,112,,
Community,Mohawk Valley,Mohawk Valley,"29,808",Agriculture,0,0,0,,
Community,Mohawk Valley,Mohawk Valley,"29,808",Art,69.9,39351,46,,
Community,Mohawk Valley,Mohawk Valley,"29,808",Technical trades,66.9,53312,42,,
Community,Mohawk Valley,Mohawk Valley,"29,808",Communications and Media,0,0,0,,
Community,Mohawk Valley,Mohawk Valley,"29,808",Law and Public Service,0,0,0,,
Community,Mohawk Valley,Mohawk Valley,"29,808",Engineering,0,0,0,,
Community,Mohawk Valley,Mohawk Valley,"29,808",Social Services,69.6,30421,20,,
Community,Mohawk Valley,Mohawk Valley,"29,808",Hospitality,90.5,39403,16,,
Community,Mohawk Valley,Mohawk Valley,"29,808",Education,0,0,0,,
Community,Mohawk Valley,Mohawk Valley,"29,808",Computers and Math,77.8,46131,17,,
Community,Mohawk Valley,Mohawk Valley,"29,808",Business and Finance,67.5,44775,44,,
Community,Mohawk Valley,Mohawk Valley,"29,808",Protective Services,74.6,49155,40,,
Community,Mohawk Valley,Mohawk Valley,"29,808",Health,80.1,67308,110,,
Community,Herkimer County,Mohawk Valley,"29,808",Agriculture,0,0,0,,
Community,Herkimer County,Mohawk Valley,"29,808",Art,0,0,0,,
Community,Herkimer County,Mohawk Valley,"29,808",Technical trades,0,0,0,,
Community,Herkimer County,Mohawk Valley,"29,808",Communications and Media,0,0,0,,
Community,Herkimer County,Mohawk Valley,"29,808",Law and Public Service,65.5,34362,14,,
Community,Herkimer County,Mohawk Valley,"29,808",Engineering,0,0,0,,
Community,Herkimer County,Mohawk Valley,"29,808",Social Services,70.3,35985,19,,
Community,Herkimer County,Mohawk Valley,"29,808",Hospitality,0,0,0,,
Community,Herkimer County,Mohawk Valley,"29,808",Education,66.7,27135,15,,
Community,Herkimer County,Mohawk Valley,"29,808",Computers and Math,0,0,0,,
Community,Herkimer County,Mohawk Valley,"29,808",Business and Finance,66.7,42658,84,,
Community,Herkimer County,Mohawk Valley,"29,808",Protective Services,63,44757,58,,
Community,Herkimer County,Mohawk Valley,"29,808",Health,81.3,43004,22,,
Community,Fulton-Montgomery,Mohawk Valley,"29,808",Agriculture,0,0,0,,
Community,Fulton-Montgomery,Mohawk Valley,"29,808",Art,0,0,0,,
Community,Fulton-Montgomery,Mohawk Valley,"29,808",Technical trades,66.7,59790,11,,
Community,Fulton-Montgomery,Mohawk Valley,"29,808",Communications and Media,0,0,0,,
Community,Fulton-Montgomery,Mohawk Valley,"29,808",Law and Public Service,0,0,0,,
Community,Fulton-Montgomery,Mohawk Valley,"29,808",Engineering,0,0,0,,
Community,Fulton-Montgomery,Mohawk Valley,"29,808",Social Services,0,0,0,,
Community,Fulton-Montgomery,Mohawk Valley,"29,808",Hospitality,0,0,0,,
Community,Fulton-Montgomery,Mohawk Valley,"29,808",Education,0,0,0,,
Community,Fulton-Montgomery,Mohawk Valley,"29,808",Computers and Math,0,0,0,,
Community,Fulton-Montgomery,Mohawk Valley,"29,808",Business and Finance,67.6,43205,17,,
Community,Fulton-Montgomery,Mohawk Valley,"29,808",Protective Services,81.5,45757,20,,
Community,Fulton-Montgomery,Mohawk Valley,"29,808",Health,81.2,60553,58,,
Community,Cobleskill,Mohawk Valley,"29,808",Agriculture,53.5,48453,114,,
Community,Cobleskill,Mohawk Valley,"29,808",Art,0,0,0,,
Community,Cobleskill,Mohawk Valley,"29,808",Technical trades,0,0,0,,
Community,Cobleskill,Mohawk Valley,"29,808",Communications and Media,0,0,0,,
Community,Cobleskill,Mohawk Valley,"29,808",Law and Public Service,0,0,0,,
Community,Cobleskill,Mohawk Valley,"29,808",Engineering,0,0,0,,
Community,Cobleskill,Mohawk Valley,"29,808",Social Services,0,0,0,,
Community,Cobleskill,Mohawk Valley,"29,808",Hospitality,53.8,43039,18,,
Community,Cobleskill,Mohawk Valley,"29,808",Education,0,0,0,,
Community,Cobleskill,Mohawk Valley,"29,808",Computers and Math,78.8,76280,39,,
Community,Cobleskill,Mohawk Valley,"29,808",Business and Finance,70.6,44928,52,,
Community,Cobleskill,Mohawk Valley,"29,808",Protective Services,0,0,0,,
Community,Cobleskill,Mohawk Valley,"29,808",Health,0,0,0,,
Comprehensive,Oneonta,Mohawk Valley,"29,808",Agriculture,0,0,0,,
Comprehensive,Oneonta,Mohawk Valley,"29,808",Art,66.1,53597,186,,
Comprehensive,Oneonta,Mohawk Valley,"29,808",Technical trades,0,0,0,,
Comprehensive,Oneonta,Mohawk Valley,"29,808",Communications and Media,71.8,66642,137,,
Comprehensive,Oneonta,Mohawk Valley,"29,808",Law and Public Service,0,0,0,,
Comprehensive,Oneonta,Mohawk Valley,"29,808",Engineering,0,0,0,,
Comprehensive,Oneonta,Mohawk Valley,"29,808",Social Services,0,0,0,,
Comprehensive,Oneonta,Mohawk Valley,"29,808",Hospitality,0,0,0,,
Comprehensive,Oneonta,Mohawk Valley,"29,808",Education,68.9,53396,93,,
Comprehensive,Oneonta,Mohawk Valley,"29,808",Computers and Math,71.4,78263,14,,
Comprehensive,Oneonta,Mohawk Valley,"29,808",Business and Finance,70.1,70761,84,,
Comprehensive,Oneonta,Mohawk Valley,"29,808",Protective Services,66.7,67203,27,,
Comprehensive,Oneonta,Mohawk Valley,"29,808",Health,81.5,59370,22,,
Technical,Maritime College,New York City,"38,384",Agriculture,0,0,0,,
Technical,Maritime College,New York City,"38,384",Art,0,0,0,,
Technical,Maritime College,New York City,"38,384",Technical trades,32.1,107780,28,,
Technical,Maritime College,New York City,"38,384",Communications and Media,0,0,0,,
Technical,Maritime College,New York City,"38,384",Law and Public Service,0,0,0,,
Technical,Maritime College,New York City,"38,384",Engineering,42.6,129038,45,,
Technical,Maritime College,New York City,"38,384",Social Services,0,0,0,,
Technical,Maritime College,New York City,"38,384",Hospitality,0,0,0,,
Technical,Maritime College,New York City,"38,384",Education,0,0,0,,
Technical,Maritime College,New York City,"38,384",Computers and Math,0,0,0,,
Technical,Maritime College,New York City,"38,384",Business and Finance,30.5,90571,31,,
Technical,Maritime College,New York City,"38,384",Protective Services,0,0,0,,
Technical,Maritime College,New York City,"38,384",Health,0,0,0,,
Technical,Fashion Institute,New York City,"38,384",Agriculture,0,0,0,,
Technical,Fashion Institute,New York City,"38,384",Art,47.8,74487,489,,
Technical,Fashion Institute,New York City,"38,384",Technical trades,56.5,71467,22,,
Technical,Fashion Institute,New York City,"38,384",Communications and Media,50.1,82803,146,,
Technical,Fashion Institute,New York City,"38,384",Law and Public Service,0,0,0,,
Technical,Fashion Institute,New York City,"38,384",Engineering,0,0,0,,
Technical,Fashion Institute,New York City,"38,384",Social Services,0,0,0,,
Technical,Fashion Institute,New York City,"38,384",Hospitality,0,0,0,,
Technical,Fashion Institute,New York City,"38,384",Education,0,0,0,,
Technical,Fashion Institute,New York City,"38,384",Computers and Math,0,0,0,,
Technical,Fashion Institute,New York City,"38,384",Business and Finance,47.3,82896,430,,
Technical,Fashion Institute,New York City,"38,384",Protective Services,0,0,0,,
Technical,Fashion Institute,New York City,"38,384",Health,0,0,0,,
Community,Jefferson County,North Country,"25,586",Agriculture,0,0,0,,
Community,Jefferson County,North Country,"25,586",Art,0,0,0,,
Community,Jefferson County,North Country,"25,586",Technical trades,0,0,0,,
Community,Jefferson County,North Country,"25,586",Communications and Media,0,0,0,,
Community,Jefferson County,North Country,"25,586",Law and Public Service,0,0,0,,
Community,Jefferson County,North Country,"25,586",Engineering,0,0,0,,
Community,Jefferson County,North Country,"25,586",Social Services,0,0,0,,
Community,Jefferson County,North Country,"25,586",Hospitality,0,0,0,,
Community,Jefferson County,North Country,"25,586",Education,0,0,0,,
Community,Jefferson County,North Country,"25,586",Computers and Math,0,0,0,,
Community,Jefferson County,North Country,"25,586",Business and Finance,53.8,36480,42,,
Community,Jefferson County,North Country,"25,586",Protective Services,73.7,41725,34,,
Community,Jefferson County,North Country,"25,586",Health,64.7,70528,31,,
Technical,Canton Technical,North Country,"25,586",Agriculture,0,0,0,,
Technical,Canton Technical,North Country,"25,586",Art,0,0,0,,
Technical,Canton Technical,North Country,"25,586",Technical trades,73.2,52665,52,,
Technical,Canton Technical,North Country,"25,586",Communications and Media,0,0,0,,
Technical,Canton Technical,North Country,"25,586",Law and Public Service,0,0,0,,
Technical,Canton Technical,North Country,"25,586",Engineering,0,0,0,,
Technical,Canton Technical,North Country,"25,586",Social Services,0,0,0,,
Technical,Canton Technical,North Country,"25,586",Hospitality,66.7,47800,13,,
Technical,Canton Technical,North Country,"25,586",Education,0,0,0,,
Technical,Canton Technical,North Country,"25,586",Computers and Math,75.9,46750,21,,
Technical,Canton Technical,North Country,"25,586",Business and Finance,65.5,41413,45,,
Technical,Canton Technical,North Country,"25,586",Protective Services,64.6,54974,87,,
Technical,Canton Technical,North Country,"25,586",Health,72.2,41621,127,,
Comprehensive,SUNY Potsdam,North Country,"25,586",Agriculture,0,0,0,,
Comprehensive,SUNY Potsdam,North Country,"25,586",Art,47.8,45811,33,,
Comprehensive,SUNY Potsdam,North Country,"25,586",Technical trades,0,0,0,,
Comprehensive,SUNY Potsdam,North Country,"25,586",Communications and Media,0,0,0,,
Comprehensive,SUNY Potsdam,North Country,"25,586",Law and Public Service,0,0,0,,
Comprehensive,SUNY Potsdam,North Country,"25,586",Engineering,0,0,0,,
Comprehensive,SUNY Potsdam,North Country,"25,586",Social Services,0,0,0,,
Comprehensive,SUNY Potsdam,North Country,"25,586",Hospitality,0,0,0,,
Comprehensive,SUNY Potsdam,North Country,"25,586",Education,73.9,54675,325,,
Comprehensive,SUNY Potsdam,North Country,"25,586",Computers and Math,0,0,0,,
Comprehensive,SUNY Potsdam,North Country,"25,586",Business and Finance,53.5,50837,38,,
Comprehensive,SUNY Potsdam,North Country,"25,586",Protective Services,35.3,71193,11,,
Comprehensive,SUNY Potsdam,North Country,"25,586",Health,0,0,0,,
Community,North Country Community,North Country,"25,586",Agriculture,0,0,0,,
Community,North Country Community,North Country,"25,586",Art,0,0,0,,
Community,North Country Community,North Country,"25,586",Technical trades,0,0,0,,
Community,North Country Community,North Country,"25,586",Communications and Media,0,0,0,,
Community,North Country Community,North Country,"25,586",Law and Public Service,0,0,0,,
Community,North Country Community,North Country,"25,586",Engineering,0,0,0,,
Community,North Country Community,North Country,"25,586",Social Services,0,0,0,,
Community,North Country Community,North Country,"25,586",Hospitality,0,0,0,,
Community,North Country Community,North Country,"25,586",Education,0,0,0,,
Community,North Country Community,North Country,"25,586",Computers and Math,0,0,0,,
Community,North Country Community,North Country,"25,586",Business and Finance,58,31802,30,,
Community,North Country Community,North Country,"25,586",Protective Services,82.2,58792,28,,
Community,North Country Community,North Country,"25,586",Health,66.5,53669,98,,
Comprehensive,SUNY Plattsburgh,North Country,"25,586",Agriculture,0,0,0,,
Comprehensive,SUNY Plattsburgh,North Country,"25,586",Art,52.8,37179,30,,
Comprehensive,SUNY Plattsburgh,North Country,"25,586",Technical trades,0,0,0,,
Comprehensive,SUNY Plattsburgh,North Country,"25,586",Communications and Media,59.7,46111,72,,
Comprehensive,SUNY Plattsburgh,North Country,"25,586",Law and Public Service,0,0,0,,
Comprehensive,SUNY Plattsburgh,North Country,"25,586",Engineering,0,0,0,,
Comprehensive,SUNY Plattsburgh,North Country,"25,586",Social Services,65.8,42992,24,,
Comprehensive,SUNY Plattsburgh,North Country,"25,586",Hospitality,0,0,0,,
Comprehensive,SUNY Plattsburgh,North Country,"25,586",Education,82.2,58975,377,,
Comprehensive,SUNY Plattsburgh,North Country,"25,586",Computers and Math,60.9,72686,12,,
Comprehensive,SUNY Plattsburgh,North Country,"25,586",Business and Finance,59.5,57251,189,,
Comprehensive,SUNY Plattsburgh,North Country,"25,586",Protective Services,70.3,67253,87,,
Comprehensive,SUNY Plattsburgh,North Country,"25,586",Health,56.6,70599,62,,
Community,Clinton Community,North Country,"25,586",Agriculture,0,0,0,,
Community,Clinton Community,North Country,"25,586",Art,0,0,0,,
Community,Clinton Community,North Country,"25,586",Technical trades,0,0,0,,
Community,Clinton Community,North Country,"25,586",Communications and Media,0,0,0,,
Community,Clinton Community,North Country,"25,586",Law and Public Service,0,0,0,,
Community,Clinton Community,North Country,"25,586",Engineering,0,0,0,,
Community,Clinton Community,North Country,"25,586",Social Services,82.4,25591,11,,
Community,Clinton Community,North Country,"25,586",Hospitality,0,0,0,,
Community,Clinton Community,North Country,"25,586",Education,0,0,0,,
Community,Clinton Community,North Country,"25,586",Computers and Math,0,0,0,,
Community,Clinton Community,North Country,"25,586",Business and Finance,72.9,36868,42,,
Community,Clinton Community,North Country,"25,586",Protective Services,74.2,56544,38,,
Community,Clinton Community,North Country,"25,586",Health,63.6,66417,42,,
Community,Corning Community,Southern Tier,"27,957",Agriculture,0,0,0,,
Community,Corning Community,Southern Tier,"27,957",Art,0,0,0,,
Community,Corning Community,Southern Tier,"27,957",Technical trades,76.15,51586,56,,
Community,Corning Community,Southern Tier,"27,957",Communications and Media,0,0,0,,
Community,Corning Community,Southern Tier,"27,957",Law and Public Service,0,0,0,,
Community,Corning Community,Southern Tier,"27,957",Engineering,0,0,0,,
Community,Corning Community,Southern Tier,"27,957",Social Services,62.5,30207,35,,
Community,Corning Community,Southern Tier,"27,957",Hospitality,0,0,0,,
Community,Corning Community,Southern Tier,"27,957",Education,0,0,0,,
Community,Corning Community,Southern Tier,"27,957",Computers and Math,75,47412,20,,
Community,Corning Community,Southern Tier,"27,957",Business and Finance,68.1,31601,62,,
Community,Corning Community,Southern Tier,"27,957",Protective Services,74.3,64961,60,,
Community,Corning Community,Southern Tier,"27,957",Health,65.7,56597,57,,
Community,Tompkins Cortland,Southern Tier,"27,957",Agriculture,0,0,0,,
Community,Tompkins Cortland,Southern Tier,"27,957",Art,0,0,0,,
Community,Tompkins Cortland,Southern Tier,"27,957",Technical trades,0,0,0,,
Community,Tompkins Cortland,Southern Tier,"27,957",Communications and Media,0,0,0,,
Community,Tompkins Cortland,Southern Tier,"27,957",Law and Public Service,66.7,36190,11,,
Community,Tompkins Cortland,Southern Tier,"27,957",Engineering,0,0,0,,
Community,Tompkins Cortland,Southern Tier,"27,957",Social Services,0,0,0,,
Community,Tompkins Cortland,Southern Tier,"27,957",Hospitality,0,0,0,,
Community,Tompkins Cortland,Southern Tier,"27,957",Education,0,0,0,,
Community,Tompkins Cortland,Southern Tier,"27,957",Computers and Math,0,0,0,,
Community,Tompkins Cortland,Southern Tier,"27,957",Business and Finance,52.4,43993,50,,
Community,Tompkins Cortland,Southern Tier,"27,957",Protective Services,84.6,57141,39,,
Community,Tompkins Cortland,Southern Tier,"27,957",Health,74.2,60497,53,,
Community,Broome County,Southern Tier,"27,957",Agriculture,0,0,0,,
Community,Broome County,Southern Tier,"27,957",Art,0,0,0,,
Community,Broome County,Southern Tier,"27,957",Technical trades,68.8,54988,32,,
Community,Broome County,Southern Tier,"27,957",Communications and Media,67.6,37316,13,,
Community,Broome County,Southern Tier,"27,957",Law and Public Service,48.5,36024,13,,
Community,Broome County,Southern Tier,"27,957",Engineering,0,0,0,,
Community,Broome County,Southern Tier,"27,957",Social Services,0,0,0,,
Community,Broome County,Southern Tier,"27,957",Hospitality,0,0,0,,
Community,Broome County,Southern Tier,"27,957",Education,0,0,0,,
Community,Broome County,Southern Tier,"27,957",Computers and Math,62.5,39031,19,,
Community,Broome County,Southern Tier,"27,957",Business and Finance,66.7,44657,94,,
Community,Broome County,Southern Tier,"27,957",Protective Services,73.5,50294,31,,
Community,Broome County,Southern Tier,"27,957",Health,71,48354,181,,
Doctoral,SUNY Binghamton,Southern Tier,"27,957",Agriculture,0,0,0,,
Doctoral,SUNY Binghamton,Southern Tier,"27,957",Art,61.1,49962,22,,
Doctoral,SUNY Binghamton,Southern Tier,"27,957",Technical trades,0,0,0,,
Doctoral,SUNY Binghamton,Southern Tier,"27,957",Communications and Media,0,0,0,,
Doctoral,SUNY Binghamton,Southern Tier,"27,957",Law and Public Service,0,0,0,,
Doctoral,SUNY Binghamton,Southern Tier,"27,957",Engineering,56.4,84065,69,,
Doctoral,SUNY Binghamton,Southern Tier,"27,957",Social Services,77.5,60545,30,,
Doctoral,SUNY Binghamton,Southern Tier,"27,957",Hospitality,0,0,0,,
Doctoral,SUNY Binghamton,Southern Tier,"27,957",Education,78.6,56248,50,,
Doctoral,SUNY Binghamton,Southern Tier,"27,957",Computers and Math,54.2,94773,29,,
Doctoral,SUNY Binghamton,Southern Tier,"27,957",Business and Finance,65.2,117000,185,,
Doctoral,SUNY Binghamton,Southern Tier,"27,957",Protective Services,0,0,0,,
Doctoral,SUNY Binghamton,Southern Tier,"27,957",Health,63.6,72308,81,,
Technical,Delhi Technical,Southern Tier,"27,957",Agriculture,0,0,0,,
Technical,Delhi Technical,Southern Tier,"27,957",Art,0,0,0,,
Technical,Delhi Technical,Southern Tier,"27,957",Technical trades,73,53455,141,,
Technical,Delhi Technical,Southern Tier,"27,957",Communications and Media,0,0,0,,
Technical,Delhi Technical,Southern Tier,"27,957",Law and Public Service,0,0,0,,
Technical,Delhi Technical,Southern Tier,"27,957",Engineering,0,0,0,,
Technical,Delhi Technical,Southern Tier,"27,957",Social Services,0,0,0,,
Technical,Delhi Technical,Southern Tier,"27,957",Hospitality,71.1,41759,21,,
Technical,Delhi Technical,Southern Tier,"27,957",Education,0,0,0,,
Technical,Delhi Technical,Southern Tier,"27,957",Computers and Math,68.1,63655,29,,
Technical,Delhi Technical,Southern Tier,"27,957",Business and Finance,59.1,48286,77,,
Technical,Delhi Technical,Southern Tier,"27,957",Protective Services,0,0,0,,
Technical,Delhi Technical,Southern Tier,"27,957",Health,75.7,49701,91,,
